name,owner,language,stars,forks,watchers,open_issues,created_date,updated_date,license
tensorflow,tensorflow,C++,197024,76029,197024,2850,2015-11-07 01:19:20+00:00,2026-08-14 18:57:37+00:00,Apache-2.0
transformers,huggingface,Python,164106,34247,164106,2380,2018-10-29 13:56:00+00:00,2026-08-14 18:52:43+00:00,Apache-2.0
ML-For-Beginners,microsoft,Jupyter Notebook,89376,21936,89376,11,2021-03-03 01:34:05+00:00,2026-08-14 17:25:07+00:00,MIT
funNLP,fighting41love,Python,82453,15267,82453,53,2018-08-21 11:20:39+00:00,2026-08-14 17:41:28+00:00,Unknown
awesome-machine-learning,josephmisiti,Python,74030,15614,74030,25,2014-07-15 19:11:19+00:00,2026-08-14 17:10:08+00:00,NOASSERTION
scikit-learn,scikit-learn,Python,66982,27289,66982,2124,2010-08-17 09:43:38+00:00,2026-08-14 18:25:54+00:00,BSD-3-Clause
gradio,gradio-app,Python,43364,3572,43364,182,2018-12-19 08:24:04+00:00,2026-08-14 15:36:05+00:00,Apache-2.0
500-AI-Machine-learning-Deep-learning-Computer-vision-NLP-Projects-with-code,ashishpatel26,Unknown,36255,7430,36255,67,2021-01-02 12:08:37+00:00,2026-08-14 18:21:00+00:00,Unknown
C-Plus-Plus,TheAlgorithms,C++,34582,7851,34582,32,2016-07-16 10:19:45+00:00,2026-08-14 16:24:08+00:00,MIT
netron,lutzroeder,JavaScript,33351,3171,33351,18,2010-12-26 12:53:43+00:00,2026-08-14 18:03:42+00:00,MIT
ML-From-Scratch,eriklindernoren,Python,32463,5430,32463,77,2017-02-05 12:11:23+00:00,2026-08-14 16:32:11+00:00,MIT
applied-ml,eugeneyan,Unknown,30031,3989,30031,8,2020-07-04 18:57:47+00:00,2026-08-14 17:45:50+00:00,MIT
machine-learning-for-software-engineers,ZuzooVn,Unknown,28858,6149,28858,32,2016-10-09 21:20:25+00:00,2026-08-14 15:43:11+00:00,CC-BY-SA-4.0
linkedin-skill-assessments-quizzes,Ebazhanov,Python,28811,12915,28811,21,2019-07-13 19:52:56+00:00,2026-08-14 18:22:21+00:00,AGPL-3.0
cs249r_book,harvard-edge,Python,27918,3521,27918,17,2023-09-06 19:31:06+00:00,2026-08-14 17:22:14+00:00,NOASSERTION
shap,shap,Jupyter Notebook,25682,3741,25682,1015,2016-11-22 19:17:08+00:00,2026-08-14 13:12:28+00:00,MIT
homemade-machine-learning,trekhleb,Jupyter Notebook,24752,4195,24752,31,2018-11-01 04:34:19+00:00,2026-08-14 15:32:32+00:00,MIT
Paddle,PaddlePaddle,C++,24049,6014,24049,1521,2016-08-15 06:59:08+00:00,2026-08-14 13:12:31+00:00,Apache-2.0
best-of-ml-python,lukasmasuch,Unknown,23710,3140,23710,52,2020-11-29 19:41:36+00:00,2026-08-14 16:33:45+00:00,CC-BY-SA-4.0
C,TheAlgorithms,C,22329,4766,22329,18,2016-07-16 10:17:03+00:00,2026-08-14 14:41:49+00:00,GPL-3.0
onnx,onnx,Python,21311,3995,21311,279,2017-09-07 04:53:45+00:00,2026-08-14 18:52:25+00:00,Apache-2.0
rasa,RasaHQ,Python,21298,4918,21298,153,2016-10-14 12:27:49+00:00,2026-08-14 09:29:56+00:00,Apache-2.0
video2x,k4yt3x,C++,20922,1813,20922,129,2018-02-24 16:34:41+00:00,2026-08-14 17:56:28+00:00,AGPL-3.0
awesome-production-machine-learning,EthicalML,Unknown,20841,2591,20841,31,2018-08-15 14:28:41+00:00,2026-08-14 13:12:52+00:00,MIT
machine-learning-for-trading,stefan-jansen,Jupyter Notebook,20445,5516,20445,1,2018-05-09 12:33:08+00:00,2026-08-14 17:49:26+00:00,MIT
stanford-cs-229-machine-learning,afshinea,Unknown,20099,4248,20099,20,2018-08-04 23:01:00+00:00,2026-08-14 18:20:46+00:00,MIT
ml-agents,Unity-Technologies,C#,19626,4481,19626,19,2017-09-08 21:09:04+00:00,2026-08-14 13:12:31+00:00,NOASSERTION
LightGBM,lightgbm-org,C++,18682,4051,18682,512,2016-08-05 05:45:50+00:00,2026-08-14 16:01:15+00:00,MIT
ml-engineering,stas00,Python,18616,1200,18616,3,2020-09-02 19:23:01+00:00,2026-08-14 18:34:02+00:00,CC-BY-SA-4.0
Machine-Learning-Tutorials,ujjwalkarn,Unknown,18095,3970,18095,47,2015-09-12 14:51:38+00:00,2026-08-14 09:21:28+00:00,CC0-1.0
ML-NLP,NLP-LOVE,Jupyter Notebook,17790,4632,17790,36,2019-07-05 12:49:53+00:00,2026-08-14 13:17:45+00:00,Unknown
brpc,apache,C++,17581,4132,17581,478,2017-09-04 09:28:47+00:00,2026-08-14 10:59:43+00:00,Apache-2.0
ML-YouTube-Courses,dair-ai,Unknown,17357,2120,17357,21,2021-06-25 09:39:16+00:00,2026-08-14 12:15:04+00:00,CC0-1.0
numpy-ml,ddbourgin,Python,16334,3746,16334,48,2019-04-06 22:29:49+00:00,2026-08-14 15:12:21+00:00,GPL-3.0
transformers.js,huggingface,JavaScript,16255,1180,16255,271,2023-02-13 13:51:45+00:00,2026-08-14 08:55:11+00:00,Apache-2.0
mml-book.github.io,mml-book,Jupyter Notebook,15873,2839,15873,197,2017-12-08 10:52:21+00:00,2026-08-14 09:46:38+00:00,Unknown
kubeflow,kubeflow,Unknown,15813,2690,15813,0,2017-11-30 18:44:19+00:00,2026-08-14 17:34:50+00:00,Apache-2.0
cheatsheets-ai,kailashahirwar,Unknown,15428,3373,15428,12,2017-05-24 12:06:56+00:00,2026-08-14 14:32:50+00:00,MIT
Qix,ty4z2008,Unknown,15181,4578,15181,0,2014-04-20 11:03:15+00:00,2026-08-14 13:12:39+00:00,NOASSERTION
ggml,ggml-org,C++,15168,1775,15168,346,2022-09-18 17:07:19+00:00,2026-08-14 17:57:49+00:00,MIT
imgaug,aleju,Python,14739,2451,14739,312,2015-07-10 20:31:33+00:00,2026-08-14 13:12:26+00:00,MIT
bullet3,bulletphysics,C++,14673,3086,14673,423,2011-04-12 18:45:08+00:00,2026-08-14 15:35:00+00:00,NOASSERTION
ChatterBot,gunthercox,Python,14506,4421,14506,73,2014-09-28 14:49:00+00:00,2026-08-13 18:22:26+00:00,BSD-3-Clause
dlib,davisking,C++,14433,3444,14433,39,2014-01-29 00:45:33+00:00,2026-08-12 16:40:41+00:00,BSL-1.0
nni,microsoft,Python,14363,1854,14363,415,2018-06-01 05:51:44+00:00,2026-08-14 13:12:28+00:00,MIT
mit-deep-learning-book-pdf,janishar,Java,14192,2910,14192,12,2017-04-07 10:46:50+00:00,2026-08-14 09:30:37+00:00,Unknown
ivy,unifyai,Python,14171,5468,14171,984,2021-01-19 08:37:25+00:00,2026-08-13 15:59:43+00:00,NOASSERTION
handson-ml3,ageron,Jupyter Notebook,13926,5240,13926,107,2022-02-19 09:43:22+00:00,2026-08-14 15:09:20+00:00,Apache-2.0
machine-learning-zoomcamp,DataTalksClub,Jupyter Notebook,13907,3092,13907,3,2020-04-17 04:29:23+00:00,2026-08-14 17:13:01+00:00,Unknown
tvm,apache,Python,13665,3953,13665,224,2016-10-12 22:20:28+00:00,2026-08-14 14:33:01+00:00,Apache-2.0
Ai-Learn,tangyudi,Unknown,13257,2675,13257,20,2020-01-28 01:55:06+00:00,2026-08-14 13:12:21+00:00,Unknown
deep-learning-drizzle,kmario23,HTML,12931,2988,12931,5,2018-11-26 01:17:36+00:00,2026-08-14 04:47:41+00:00,Unknown
machine-learning-interview,khangich,Unknown,12780,2042,12780,9,2020-08-11 06:26:32+00:00,2026-08-14 08:51:43+00:00,Unknown
python-machine-learning-book,rasbt,Jupyter Notebook,12639,4375,12639,13,2015-08-07 20:39:29+00:00,2026-08-14 15:37:18+00:00,MIT
predictionio,apache,Scala,12519,1899,12519,80,2013-01-25 19:42:32+00:00,2026-08-12 22:04:23+00:00,Apache-2.0
lime,marcotcr,JavaScript,12167,1847,12167,133,2016-03-15 22:18:10+00:00,2026-08-13 13:32:00+00:00,BSD-2-Clause
cleanlab,cleanlab,Python,11627,914,11627,116,2018-05-11 01:55:21+00:00,2026-08-14 13:12:18+00:00,Apache-2.0
dive-into-machine-learning,dive-into-machine-learning,Unknown,11393,1867,11393,0,2015-02-22 23:48:16+00:00,2026-08-12 14:37:13+00:00,CC-BY-4.0
MLAlgorithms,rushter,Python,11163,1770,11163,10,2016-10-05 06:46:45+00:00,2026-08-13 10:03:12+00:00,MIT
turicreate,apple,C++,11163,1118,11163,522,2017-12-01 00:42:04+00:00,2026-08-12 00:02:52+00:00,BSD-3-Clause
amazon-sagemaker-examples,aws,Jupyter Notebook,10984,6961,10984,849,2017-10-23 05:55:22+00:00,2026-08-14 10:58:17+00:00,Apache-2.0
A-Curated-List-of-ML-System-Design-Case-Studies,Engineer1999,Unknown,10934,1677,10934,7,2024-05-18 15:42:58+00:00,2026-08-14 14:57:52+00:00,Unknown
dolly,databrickslabs,Python,10805,1141,10805,6,2023-03-24 16:15:53+00:00,2026-08-14 02:38:45+00:00,Apache-2.0
doccano,doccano,Python,10740,1825,10740,396,2018-05-09 06:10:05+00:00,2026-08-14 16:46:09+00:00,MIT
mlcourse.ai,Yorko,Python,10689,5702,10689,4,2017-02-27 08:32:20+00:00,2026-08-14 03:32:27+00:00,NOASSERTION
machine-learning-systems-design,chiphuyen,HTML,10510,1628,10510,11,2019-11-24 23:16:28+00:00,2026-08-14 19:00:30+00:00,Unknown
Machine-Learning,Jack-Cherish,Python,10368,5067,10368,7,2017-03-25 07:32:37+00:00,2026-08-14 14:28:27+00:00,Unknown
machine-learning-notes,roboticcam,Jupyter Notebook,10324,1825,10324,28,2018-02-15 15:42:33+00:00,2026-08-14 17:10:52+00:00,Unknown
3D-Machine-Learning,timzhang642,Unknown,10191,1797,10191,21,2017-08-12 15:20:54+00:00,2026-08-13 20:51:48+00:00,Unknown
tpot,EpistasisLab,Jupyter Notebook,10051,1564,10051,312,2015-11-03 21:08:40+00:00,2026-08-14 13:12:25+00:00,LGPL-3.0
sktime,sktime,Python,9920,2289,9920,2425,2018-11-06 15:08:24+00:00,2026-08-14 18:18:12+00:00,BSD-3-Clause
Stock-Prediction-Models,huseinzol05,Jupyter Notebook,9482,3052,9482,47,2017-12-18 10:49:59+00:00,2026-08-14 13:15:09+00:00,Apache-2.0
cog,replicate,Go,9458,695,9458,70,2021-02-26 23:43:09+00:00,2026-08-14 16:02:29+00:00,Apache-2.0
golearn,sjwhitworth,Go,9437,1166,9437,89,2013-12-26 13:06:14+00:00,2026-08-14 16:00:05+00:00,MIT
machinelearning,dotnet,C#,9346,1951,9346,1008,2018-05-03 16:20:42+00:00,2026-08-13 12:47:03+00:00,MIT
awesome-ml-for-cybersecurity,jivoi,Unknown,9275,1937,9275,33,2016-12-20 12:46:36+00:00,2026-08-14 18:33:14+00:00,NOASSERTION
awesome-project-ideas,NirantK,Unknown,9261,1290,9261,7,2017-08-19 09:37:58+00:00,2026-08-14 18:42:06+00:00,MIT
catboost,catboost,C++,9065,1316,9065,719,2017-07-18 05:29:04+00:00,2026-08-14 18:25:42+00:00,Apache-2.0
machine_learning_examples,lazyprogrammer,Python,8909,6406,8909,33,2014-07-31 23:40:45+00:00,2026-08-14 14:37:57+00:00,Unknown
state-of-the-art-result-for-machine-learning-problems,RedditSota,Unknown,8897,1294,8897,14,2017-11-09 01:21:40+00:00,2026-08-14 15:37:36+00:00,Apache-2.0
pattern,clips,Python,8858,1557,8858,179,2011-05-03 15:29:01+00:00,2026-08-12 16:12:26+00:00,BSD-3-Clause
AIMLInterviews,alirezadir,Jupyter Notebook,8758,1525,8758,11,2021-01-31 03:52:09+00:00,2026-08-14 15:48:23+00:00,MIT
financial-machine-learning,firmai,Python,8739,1409,8739,15,2019-03-21 21:00:35+00:00,2026-08-14 12:03:06+00:00,Unknown
machinelearning,ljpzzz,Jupyter Notebook,8707,3689,8707,17,2016-05-12 07:06:34+00:00,2026-08-14 13:15:29+00:00,MIT
vowpal_wabbit,VowpalWabbit,C++,8701,1925,8701,3,2009-07-31 19:36:58+00:00,2026-08-13 11:57:03+00:00,NOASSERTION
MachineLearning_Python,lawlite19,Python,8578,2515,8578,10,2016-10-17 15:44:59+00:00,2026-08-14 14:28:46+00:00,MIT
Machine-Learning-Collection,aladdinpersson,Python,8483,2787,8483,119,2020-03-26 07:02:40+00:00,2026-08-14 13:15:31+00:00,MIT
approachingalmost,abhishekkrthakur,Unknown,8369,1122,8369,54,2020-07-04 07:13:20+00:00,2026-08-14 13:12:59+00:00,Unknown
introduction_to_ml_with_python,amueller,Jupyter Notebook,8145,4675,8145,28,2016-05-29 18:29:47+00:00,2026-08-14 17:33:01+00:00,Unknown
auto-sklearn,automl,Python,8128,1324,8128,208,2015-07-02 15:38:10+00:00,2026-08-12 16:10:12+00:00,BSD-3-Clause
machine-learning-cheat-sheet,soulmachine,TeX,8044,1333,8044,11,2013-05-09 07:43:59+00:00,2026-08-14 11:27:38+00:00,Unknown
cortex,cortexlabs,Go,8010,593,8010,131,2019-01-24 04:43:14+00:00,2026-08-14 06:57:58+00:00,Apache-2.0
machine-learning-roadmap,mrdbourke,Unknown,7894,1168,7894,12,2020-07-09 07:07:47+00:00,2026-08-14 09:26:14+00:00,MIT
machine-learning-yearning-cn,deeplearning-ai,CSS,7846,1502,7846,4,2018-06-19 19:26:39+00:00,2026-08-13 11:02:10+00:00,NOASSERTION
Machine-Learning-Specialization-Coursera,greyhatguy007,Jupyter Notebook,7764,3724,7764,26,2022-06-16 15:31:02+00:00,2026-08-14 13:18:38+00:00,MIT
Machine-learning-learning-notes,Vay-keen,Unknown,7763,1879,7763,28,2018-03-24 06:48:10+00:00,2026-08-14 17:10:02+00:00,Unknown
awesome-youtubers,JoseDeFreitas,Markdown,7675,493,7675,2,2020-08-25 14:18:15+00:00,2026-08-14 16:53:44+00:00,CC0-1.0
Learn_Machine_Learning_in_3_Months,llSourcell,Unknown,7607,2311,7607,19,2018-03-02 10:59:53+00:00,2026-08-14 15:37:04+00:00,Unknown
h2o-3,h2oai,Jupyter Notebook,7503,2027,7503,2880,2014-03-03 16:08:07+00:00,2026-08-14 09:49:41+00:00,Apache-2.0
industry-machine-learning,firmai,Jupyter Notebook,7484,1250,7484,3,2019-05-03 05:08:15+00:00,2026-08-14 03:11:39+00:00,Unknown
